,Epoch Number ,Train Accuracy,Test Accuracy,Loss,Time
1,1.0,0.6181,0.7103,16.6517,83.87549662590027
2,2.0,0.6391,0.749,14.7129,81.79820251464844
3,3.0,0.6565000000000001,0.7487,14.9156,79.9839723110199
4,4.0,0.6448,0.7297,15.8082,79.97508096694946
5,5.0,0.6499,0.7337,15.8733,80.6717643737793
6,6.0,0.6444000000000001,0.7443000000000001,16.1985,81.73973178863525
7,7.0,0.6542,0.6893,20.0705,80.57287240028381
8,8.0,0.6629,0.738,16.583,80.18262529373169
