,Epoch Number ,Train Accuracy,Test Accuracy,Loss,Time
1,1.0,0.1386,0.7647,1.4165,22.18314027786255
2,2.0,0.6089,0.7647,0.48650000000000004,21.471185445785522
3,3.0,0.6832,0.549,0.7349,21.39742922782898
4,4.0,0.7574000000000001,0.7843,0.4984,21.37160086631775
5,5.0,0.8465,0.8235,0.3415,21.39953923225403
6,6.0,0.8119000000000001,0.8627,0.3477,21.39754819869995
7,7.0,0.9208000000000001,0.7451,0.4546,21.366334199905396
8,8.0,0.8465,0.7255,0.4582,21.40562343597412
