,Epoch Number ,Train Accuracy,Test Accuracy,Loss,Time
1,1.0,0.25070000000000003,0.4988,41.479,79.92708230018616
2,2.0,0.4732,0.5296000000000001,38.0555,78.74548196792603
3,3.0,0.5186000000000001,0.5738,36.2135,78.83183860778809
4,4.0,0.547,0.5612,38.8224,78.75841474533081
5,5.0,0.5555,0.5983,34.9117,79.37892270088196
6,6.0,0.5752,0.5888,31.5821,78.76851034164429
7,7.0,0.5871000000000001,0.5833,33.3012,79.0149872303009
8,8.0,0.6226,0.6022000000000001,32.7555,79.13623666763306
