,Epoch Number ,Train Accuracy,Test Accuracy,Loss,Time
1,1.0,0.1517,0.4167,0.8292,66.83587408065796
2,2.0,0.6483,0.75,0.6,66.06286025047302
3,3.0,0.6828000000000001,0.7222000000000001,0.42050000000000004,66.19147992134094
4,4.0,0.7379,0.6944,0.5039,66.45568561553955
5,5.0,0.8069000000000001,0.6944,0.5564,66.32264351844788
6,6.0,0.7862,0.7222000000000001,0.5271,66.18599224090576
7,7.0,0.8345,0.6667000000000001,0.6104,66.16953182220459
8,8.0,0.8345,0.6667000000000001,0.5858,66.19424653053284
